Zone_ID,City,Zone_Latitude,Zone_Longitude,Zone_Weight,Is_Primary_Center,Zone_Radius_Km
Agra_Zone_1,Agra,27.1752554,78.0098161,0.5454545454545455,True,2.22
Agra_Zone_2,Agra,27.152981416885417,78.03911945700685,0.2727272727272727,False,2.26
Agra_Zone_3,Agra,27.14332808158189,78.02985135992024,0.1818181818181818,False,2.11
Ahmedabad_Zone_1,Ahmedabad,23.0215374,72.5800568,0.5454545454545455,True,2.43
Ahmedabad_Zone_2,Ahmedabad,22.984487239739064,72.56172081872832,0.2727272727272727,False,2.43
Ahmedabad_Zone_3,Ahmedabad,22.99900041922225,72.57102304287974,0.1818181818181818,False,2.48
Bangalore_Zone_1,Bangalore,12.9767936,77.590082,0.5454545454545455,True,2.24
Bangalore_Zone_2,Bangalore,12.958229450552844,77.64352847867305,0.2727272727272727,False,2.39
Bangalore_Zone_3,Bangalore,12.976656091381052,77.61187096730653,0.1818181818181818,False,2.54
Bhopal_Zone_1,Bhopal,23.2584857,77.401989,0.4081632653061225,True,2.52
Bhopal_Zone_2,Bhopal,23.24370051077752,77.43600518315783,0.2040816326530612,False,2.39
Bhopal_Zone_3,Bhopal,23.24778089775749,77.37761105746027,0.1360544217687075,False,2.01
Bhopal_Zone_4,Bhopal,23.2355377648106,77.39730701908938,0.1020408163265306,False,2.31
Bhopal_Zone_5,Bhopal,23.27901748285756,77.38617683922845,0.0816326530612245,False,2.04
Bhopal_Zone_6,Bhopal,23.267580842698987,77.38644050030526,0.0680272108843537,False,2.19
Chennai_Zone_1,Chennai,13.0836939,80.270186,0.4081632653061225,True,2.29
Chennai_Zone_2,Chennai,13.09706113101382,80.24090730718189,0.2040816326530612,False,2.31
Chennai_Zone_3,Chennai,13.11734074250066,80.28402977100771,0.1360544217687075,False,2.95
Chennai_Zone_4,Chennai,13.098568379726018,80.28638738854626,0.1020408163265306,False,3.05
Chennai_Zone_5,Chennai,13.082629983333415,80.2482895393304,0.0816326530612245,False,2.29
Chennai_Zone_6,Chennai,13.095833070531675,80.28343454006,0.0680272108843537,False,2.14
Delhi_Zone_1,Delhi,28.6328027,77.2197713,0.4081632653061225,True,2.51
Delhi_Zone_2,Delhi,28.67294801387896,77.32957049308465,0.2040816326530612,False,2.53
Delhi_Zone_3,Delhi,28.479693921530547,77.1450389294225,0.1360544217687075,False,2.48
Delhi_Zone_4,Delhi,28.72230129572685,77.28710683794182,0.1020408163265306,False,2.5
Delhi_Zone_5,Delhi,28.62779941541182,77.15612159971444,0.0816326530612245,False,2.59
Delhi_Zone_6,Delhi,28.666489293294568,77.36370037502256,0.0680272108843537,False,2.58
Faridabad_Zone_1,Faridabad,28.4031478,77.3105561,0.4081632653061225,True,2.27
Faridabad_Zone_2,Faridabad,28.428411908012546,77.3370524953224,0.2040816326530612,False,2.27
Faridabad_Zone_3,Faridabad,28.438371740202147,77.31718445868846,0.1360544217687075,False,2.18
Faridabad_Zone_4,Faridabad,28.434970882257808,77.34607205941188,0.1020408163265306,False,2.66
Faridabad_Zone_5,Faridabad,28.38716670784318,77.28359510065381,0.0816326530612245,False,2.55
Faridabad_Zone_6,Faridabad,28.385537602653603,77.30849417944395,0.0680272108843537,False,2.12
Ghaziabad_Zone_1,Ghaziabad,28.7749966,77.4586967,0.4800000000000001,True,2.11
Ghaziabad_Zone_2,Ghaziabad,28.805231069268807,77.44958996831966,0.24,False,2.07
Ghaziabad_Zone_3,Ghaziabad,28.776413700179,77.43256031421024,0.16,False,2.13
Ghaziabad_Zone_4,Ghaziabad,28.78099504259042,77.43303316806193,0.12,False,2.3
Hyderabad_Zone_1,Hyderabad,17.360589,78.4740613,0.5454545454545455,True,2.29
Hyderabad_Zone_2,Hyderabad,17.36507822435295,78.49396627021082,0.2727272727272727,False,2.2
Hyderabad_Zone_3,Hyderabad,17.360700451170242,78.49902571883838,0.1818181818181818,False,2.27
Indore_Zone_1,Indore,22.7203616,75.8681996,0.5454545454545455,True,2.37
Indore_Zone_2,Indore,22.75996270416313,75.8527637626792,0.2727272727272727,False,2.31
Indore_Zone_3,Indore,22.72772742358265,75.83702745179991,0.1818181818181818,False,2.49
Jaipur_Zone_1,Jaipur,26.9154576,75.8189817,0.4800000000000001,True,2.39
Jaipur_Zone_2,Jaipur,26.927387955209745,75.82449568213258,0.24,False,2.18
Jaipur_Zone_3,Jaipur,26.94063747806277,75.82130635877212,0.16,False,2.42
Jaipur_Zone_4,Jaipur,26.90924509594617,75.76236080077533,0.12,False,2.35
Kalyan_Zone_1,Kalyan,19.2396742,73.1366482,0.5454545454545455,True,2.12
Kalyan_Zone_2,Kalyan,19.22667096886237,73.1448308652495,0.2727272727272727,False,2.26
Kalyan_Zone_3,Kalyan,19.213317985859323,73.14429657711958,0.1818181818181818,False,2.6
Kanpur_Zone_1,Kanpur,26.4609135,80.3217588,0.437956204379562,True,2.29
Kanpur_Zone_2,Kanpur,26.43999077755996,80.28691132836897,0.218978102189781,False,2.37
Kanpur_Zone_3,Kanpur,26.44375142120637,80.2983982328603,0.145985401459854,False,2.29
Kanpur_Zone_4,Kanpur,26.43732503749742,80.30626818353149,0.1094890510948905,False,2.53
Kanpur_Zone_5,Kanpur,26.42048745910185,80.30911031994926,0.0875912408759124,False,2.14
Kolkata_Zone_1,Kolkata,22.5726459,88.3638953,0.5454545454545455,True,2.45
Kolkata_Zone_2,Kolkata,22.572444895972023,88.33252392685803,0.2727272727272727,False,2.34
Kolkata_Zone_3,Kolkata,22.570952357782343,88.32601524710739,0.1818181818181818,False,2.14
Lucknow_Zone_1,Lucknow,26.8381,80.9346001,0.4081632653061225,True,2.3
Lucknow_Zone_2,Lucknow,26.827829428289544,80.97085205205539,0.2040816326530612,False,2.45
Lucknow_Zone_3,Lucknow,26.86034797994336,80.92420118230477,0.1360544217687075,False,2.37
Lucknow_Zone_4,Lucknow,26.84702169636136,80.95857053347149,0.1020408163265306,False,2.33
Lucknow_Zone_5,Lucknow,26.83553888307521,80.90178872522351,0.0816326530612245,False,2.25
Lucknow_Zone_6,Lucknow,26.7909531695646,80.95475704567482,0.0680272108843537,False,2.24
Ludhiana_Zone_1,Ludhiana,30.9090157,75.851601,0.4800000000000001,True,2.17
Ludhiana_Zone_2,Ludhiana,30.893381256056365,75.84039974753304,0.24,False,1.91
Ludhiana_Zone_3,Ludhiana,30.93524716044501,75.82602388373311,0.16,False,2.27
Ludhiana_Zone_4,Ludhiana,30.93813445629988,75.87856942554497,0.12,False,2.53
Meerut_Zone_1,Meerut,29.0018557,77.7679671,0.437956204379562,True,2.32
Meerut_Zone_2,Meerut,29.01495353382882,77.76212748733221,0.218978102189781,False,2.35
Meerut_Zone_3,Meerut,28.987723608335543,77.74731441903847,0.145985401459854,False,2.25
Meerut_Zone_4,Meerut,29.033880232614365,77.76844571784632,0.1094890510948905,False,2.41
Meerut_Zone_5,Meerut,28.99073712221304,77.7683933796245,0.0875912408759124,False,2.05
Mumbai_Zone_1,Mumbai,19.054999,72.8692035,0.4081632653061225,True,2.35
Mumbai_Zone_2,Mumbai,18.99964794846531,72.8397331823364,0.2040816326530612,False,2.2
Mumbai_Zone_3,Mumbai,19.072364715915985,72.8964012019314,0.1360544217687075,False,2.3
Mumbai_Zone_4,Mumbai,19.081902424117267,72.9308124938249,0.1020408163265306,False,2.36
Mumbai_Zone_5,Mumbai,19.1058376931602,72.90139250791287,0.0816326530612245,False,2.39
Mumbai_Zone_6,Mumbai,19.03714896624285,72.86581308393357,0.0680272108843537,False,2.39
Nagpur_Zone_1,Nagpur,21.1498134,79.0820556,0.4081632653061225,True,2.35
Nagpur_Zone_2,Nagpur,21.16855143593221,79.07043855344511,0.2040816326530612,False,2.23
Nagpur_Zone_3,Nagpur,21.15475707330869,79.10041143627578,0.1360544217687075,False,2.44
Nagpur_Zone_4,Nagpur,21.164915817412336,79.06335802520178,0.1020408163265306,False,2.45
Nagpur_Zone_5,Nagpur,21.11857596083572,79.04799920124404,0.0816326530612245,False,2.19
Nagpur_Zone_6,Nagpur,21.171102223147088,79.06452286665422,0.0680272108843537,False,2.61
Nashik_Zone_1,Nashik,20.0112475,73.7902364,0.5454545454545455,True,2.1
Nashik_Zone_2,Nashik,20.01690548013332,73.80071102918293,0.2727272727272727,False,2.25
Nashik_Zone_3,Nashik,20.02758715039733,73.79696699755283,0.1818181818181818,False,2.05
Patna_Zone_1,Patna,25.6093239,85.1235252,0.4800000000000001,True,2.48
Patna_Zone_2,Patna,25.61363128552076,85.15245764589596,0.24,False,2.48
Patna_Zone_3,Patna,25.62677550159556,85.12427082600001,0.16,False,2.28
Patna_Zone_4,Patna,25.574346021891724,85.11146179955063,0.12,False,2.54
Pune_Zone_1,Pune,18.5213738,73.8545071,0.437956204379562,True,2.35
Pune_Zone_2,Pune,18.5042676169416,73.81631555435035,0.218978102189781,False,2.28
Pune_Zone_3,Pune,18.487643226697607,73.83515294313803,0.145985401459854,False,2.37
Pune_Zone_4,Pune,18.54571779972971,73.83026833493766,0.1094890510948905,False,2.31
Pune_Zone_5,Pune,18.51737629081732,73.84428489432854,0.0875912408759124,False,2.04
Rajkot_Zone_1,Rajkot,22.3053263,70.8028377,0.437956204379562,True,2.26
Rajkot_Zone_2,Rajkot,22.3011981957267,70.79153592174207,0.218978102189781,False,2.17
Rajkot_Zone_3,Rajkot,22.2670910648147,70.82613539278829,0.145985401459854,False,2.02
Rajkot_Zone_4,Rajkot,22.31118016836656,70.77313287745424,0.1094890510948905,False,2.4
Rajkot_Zone_5,Rajkot,22.32524149940528,70.7691992470339,0.0875912408759124,False,2.52
Srinagar_Zone_1,Srinagar,34.0747444,74.8204443,0.4081632653061225,True,2.12
Srinagar_Zone_2,Srinagar,34.05570444021282,74.851529081279,0.2040816326530612,False,1.98
Srinagar_Zone_3,Srinagar,34.07294925540138,74.85090547294375,0.1360544217687075,False,2.47
Srinagar_Zone_4,Srinagar,34.07811584080707,74.79765799665778,0.1020408163265306,False,1.59
Srinagar_Zone_5,Srinagar,34.044570728798924,74.82755985291101,0.0816326530612245,False,2.2
Srinagar_Zone_6,Srinagar,34.09002196498578,74.79376120441091,0.0680272108843537,False,1.91
Surat_Zone_1,Surat,21.2094892,72.8317058,0.437956204379562,True,2.32
Surat_Zone_2,Surat,21.26145196159861,72.85220623786103,0.218978102189781,False,2.33
Surat_Zone_3,Surat,21.250727245657096,72.83741421736171,0.145985401459854,False,2.14
Surat_Zone_4,Surat,21.25267283481027,72.85240964951588,0.1094890510948905,False,2.27
Surat_Zone_5,Surat,21.181713951802045,72.84215553745211,0.0875912408759124,False,2.29
Thane_Zone_1,Thane,19.3653598,73.3685437,0.437956204379562,True,2.34
Thane_Zone_2,Thane,19.378805049971493,73.3360725396377,0.218978102189781,False,2.29
Thane_Zone_3,Thane,19.38673748389284,73.35447615170935,0.145985401459854,False,2.23
Thane_Zone_4,Thane,19.32684917927117,73.36573701191733,0.1094890510948905,False,2.57
Thane_Zone_5,Thane,19.328027927443927,73.37856508506138,0.0875912408759124,False,2.33
Varanasi_Zone_1,Varanasi,25.3356491,83.0076292,0.5454545454545455,True,2.16
Varanasi_Zone_2,Varanasi,25.354483608564543,83.0019376556096,0.2727272727272727,False,2.47
Varanasi_Zone_3,Varanasi,25.357684173755807,83.03270281364235,0.1818181818181818,False,2.16
Vasai_Zone_1,Vasai,19.3428238,72.805441,0.437956204379562,True,2.29
Vasai_Zone_2,Vasai,19.364606753228653,72.82473750365648,0.218978102189781,False,1.95
Vasai_Zone_3,Vasai,19.24432709391768,72.92780111941211,0.145985401459854,False,14.19
Vasai_Zone_4,Vasai,19.147826256926333,72.85793940926021,0.1094890510948905,False,16.8
Vasai_Zone_5,Vasai,19.352439193002468,72.84907897501338,0.0875912408759124,False,3.11
Visakhapatnam_Zone_1,Visakhapatnam,17.6935526,83.2921297,0.5454545454545455,True,3.07
Visakhapatnam_Zone_2,Visakhapatnam,17.792484885722835,83.30737771513023,0.2727272727272727,False,6.43
Visakhapatnam_Zone_3,Visakhapatnam,17.671824484237238,83.29200525779653,0.1818181818181818,False,3.94
